id;word;gender;plural;type;hint;category;level;image_query;audio_query;is_active;created_at;updated_at
1;Hallo;;;Interjektion;;Begrüßung und Abschied;A1;;;TRUE;;
2;Guten Morgen;;;Ausdruck;;Begrüßung und Abschied;A1;;;TRUE;;
3;Guten Tag;;;Ausdruck;;Begrüßung und Abschied;A1;;;TRUE;;
4;Guten Abend;;;Ausdruck;;Begrüßung und Abschied;A1;;;TRUE;;
5;Gute Nacht;;;Ausdruck;;Begrüßung und Abschied;A1;;;TRUE;;
6;Auf Wiedersehen;;;Ausdruck;;Begrüßung und Abschied;A1;;;TRUE;;
7;Tschüss;;;Interjektion;;Begrüßung und Abschied;A1;;;TRUE;;
8;Morgen;der;;Substantiv;;Weitere wichtige Wörter;A1;;;TRUE;;
9;Tag;der;Tage;Substantiv;;Weitere wichtige Wörter;A1;;;TRUE;;
10;Abend;der;Abende;Substantiv;;Weitere wichtige Wörter;A1;;;TRUE;;
11;Nacht;die;Nächte;Substantiv;;Weitere wichtige Wörter;A1;;;TRUE;;
12;Name;der;Namen;Substantiv;;Name;A1;;;TRUE;;
13;Ich heiße;;;Phrase;;Name;A1;;;TRUE;;
14;Mein Name ist;;;Phrase;;Name;A1;;;TRUE;;
15;Das ist;;;Phrase;;Name;A1;;;TRUE;;
16;Wer;;;Pronomen;W-Frage;Name;A1;;;TRUE;;
17;Wie;;;Pronomen;W-Frage;Name;A1;;;TRUE;;
18;Frau;die;Frauen;Substantiv;;Personalien;A1;;;TRUE;;
19;Herr;der;Herren;Substantiv;;Personalien;A1;;;TRUE;;
20;Vorname;der;Vornamen;Substantiv;;Personalien;A1;;;TRUE;;
21;Familienname;der;Familiennamen;Substantiv;;Personalien;A1;;;TRUE;;
22;Woher;;;Adverb;W-Frage;Länder;A1;;;TRUE;;
23;kommen aus;;;Verb;;Länder;A1;;;TRUE;;
24;aus;;;Präposition;;Länder;A1;;;TRUE;;
25;Land;das;Länder;Substantiv;;Länder;A1;;;TRUE;;
26;Deutschland;;;Substantiv;;Länder;A1;;;TRUE;;
27;Österreich;;;Substantiv;;Länder;A1;;;TRUE;;
28;Schweiz;die;;Substantiv;;Länder;A1;;;TRUE;;
29;Wie geht's?;;;Phrase;;Befinden;A1;;;TRUE;;
30;sehr gut;;;Phrase;;Befinden;A1;;;TRUE;;
31;gut;;;Adjektiv;;Befinden;A1;;;TRUE;;
32;es geht;;;Phrase;;Befinden;A1;;;TRUE;;
33;nicht so gut;;;Phrase;;Befinden;A1;;;TRUE;;
34;Alphabet;das;Alphabete;Substantiv;;Weitere wichtige Wörter;A1;;;TRUE;;
35;buchstabieren;;;Verb;;Weitere wichtige Wörter;A1;;;TRUE;;
36;auch;;;Adverb;;Weitere wichtige Wörter;A1;;;TRUE;;
37;danke;;;Interjektion;;Weitere wichtige Wörter;A1;;;TRUE;;
38;ja;;;Partikel;;Weitere wichtige Wörter;A1;;;TRUE;;
39;nein;;;Partikel;;Weitere wichtige Wörter;A1;;;TRUE;;
40;sehr;;;Adverb;;Weitere wichtige Wörter;A1;;;TRUE;;
41;und;;;Konjunktion;;Weitere wichtige Wörter;A1;;;TRUE;;
42;Arbeitgeber;der;Arbeitgeber;Substantiv;;Arbeit und Ausbildung;A1;;;TRUE;;
43;Ausbildung;die;Ausbildungen;Substantiv;;Arbeit und Ausbildung;A1;;;TRUE;;
44;Beruf;der;Berufe;Substantiv;;Arbeit und Ausbildung;A1;;;TRUE;;
45;Hochschule;die;Hochschulen;Substantiv;;Arbeit und Ausbildung;A1;;;TRUE;;
46;Job;der;Jobs;Substantiv;;Arbeit und Ausbildung;A1;;;TRUE;;
47;Praktikum;das;Praktika;Substantiv;;Arbeit und Ausbildung;A1;;;TRUE;;
48;Schule;die;Schulen;Substantiv;;Arbeit und Ausbildung;A1;;;TRUE;;
49;Stelle;die;Stellen;Substantiv;;Arbeit und Ausbildung;A1;;;TRUE;;
50;arbeiten als;;;Verb;;Arbeit und Ausbildung;A1;;;TRUE;;
51;arbeiten bei;;;Verb;;Arbeit und Ausbildung;A1;;;TRUE;;
52;studieren;;;Verb;;Arbeit und Ausbildung;A1;;;TRUE;;
53;arbeitslos;;;Adjektiv;;Arbeit und Ausbildung;A1;;;TRUE;;
54;von Beruf;;;Phrase;;Arbeit und Ausbildung;A1;;;TRUE;;
55;Was;;;Fragewort;W-Frage;Arbeit und Ausbildung;A1;;;TRUE;;
56;Architekt;der;Architekten;Substantiv;;Berufe;A1;;;TRUE;;
57;Architektin;die;Architektinnen;Substantiv;;Berufe;A1;;;TRUE;;
58;Arzt;der;Ärzte;Substantiv;;Berufe;A1;;;TRUE;;
59;Ärztin;die;Ärztinnen;Substantiv;;Berufe;A1;;;TRUE;;
60;Friseur;der;Friseure;Substantiv;;Berufe;A1;;;TRUE;;
61;Friseurin;die;Friseurinnen;Substantiv;;Berufe;A1;;;TRUE;;
62;Ingenieur;der;Ingenieure;Substantiv;;Berufe;A1;;;TRUE;;
63;Ingenieurin;die;Ingenieurinnen;Substantiv;;Berufe;A1;;;TRUE;;
64;Kellner;der;Kellner;Substantiv;;Berufe;A1;;;TRUE;;
65;Krankenschwester;die;Krankenschwestern;Substantiv;;Berufe;A1;;;TRUE;;
66;Krankenpfleger;der;Krankenpfleger;Substantiv;;Berufe;A1;;;TRUE;;
67;Lehrer;der;Lehrer;Substantiv;;Berufe;A1;;;TRUE;;
68;Lehrerin;die;Lehrerinnen;Substantiv;;Berufe;A1;;;TRUE;;
69;Mechatroniker;der;Mechatroniker;Substantiv;;Berufe;A1;;;TRUE;;
70;Mechatronikerin;die;Mechatronikerinnen;Substantiv;;Berufe;A1;;;TRUE;;
71;Student;der;Studenten;Substantiv;;Berufe;A1;;;TRUE;;
72;Studentin;die;Studentinnen;Substantiv;;Berufe;A1;;;TRUE;;
73;Schauspieler;der;Schauspieler;Substantiv;;Berufe;A1;;;TRUE;;
74;Schauspielerin;die;Schauspielerinnen;Substantiv;;Berufe;A1;;;TRUE;;
75;Schüler;der;Schüler;Substantiv;;Berufe;A1;;;TRUE;;
76;Schülerin;die;Schülerinnen;Substantiv;;Berufe;A1;;;TRUE;;
77;Sekretär;der;Sekretäre;Substantiv;;Berufe;A1;;;TRUE;;
78;Sekretärin;die;Sekretärinnen;Substantiv;;Berufe;A1;;;TRUE;;
79;Verkäufer;der;Verkäufer;Substantiv;;Berufe;A1;;;TRUE;;
80;Verkäuferin;die;Verkäuferinnen;Substantiv;;Berufe;A1;;;TRUE;;
81;Alter;das;;Substantiv;;Persönliches;A1;;;TRUE;;
82;Familienstand;der;;Substantiv;;Persönliches;A1;;;TRUE;;
83;Jahr;das;Jahre;Substantiv;;Persönliches;A1;;;TRUE;;
84;Kind;das;Kinder;Substantiv;;Persönliches;A1;;;TRUE;;
85;leben;;;Verb;;Persönliches;A1;;;TRUE;;
86;wohnen in;;;Verb;;Persönliches;A1;;;TRUE;;
87;geschieden;;;Adjektiv;;Persönliches;A1;;;TRUE;;
88;verheiratet;;;Adjektiv;;Persönliches;A1;;;TRUE;;
89;in;;;Präposition;;Persönliches;A1;;;TRUE;;
90;Wo;;;Fragewort;W-Frage;Persönliches;A1;;;TRUE;;
91;glauben;;;Verb;;Weitere wichtige Wörter;A1;;;TRUE;;
92;haben;;;Verb;;Weitere wichtige Wörter;A1;;;TRUE;;
93;machen;;;Verb;;Weitere wichtige Wörter;A1;;;TRUE;;
94;richtig;;;Adjektiv;;Weitere wichtige Wörter;A1;;;TRUE;;
95;falsch;;;Adjektiv;;Weitere wichtige Wörter;A1;;;TRUE;;
96;super;;;Adjektiv;;Weitere wichtige Wörter;A1;;;TRUE;;
97;aber;;;Konjunktion;;Weitere wichtige Wörter;A1;;;TRUE;;
98;kein;;;Artikel;;Weitere wichtige Wörter;A1;;;TRUE;;
99;nicht;;;Partikel;;Weitere wichtige Wörter;A1;;;TRUE;;
100;Familie;die;Familien;Substantiv;;Familie;A1;;;TRUE;;
101;Vater;der;Väter;Substantiv;;Familie;A1;;;TRUE;;
102;Mutter;die;Mütter;Substantiv;;Familie;A1;;;TRUE;;
103;Eltern;;;Substantiv;(Pl);Familie;A1;;;TRUE;;
104;Sohn;der;Söhne;Substantiv;;Familie;A1;;;TRUE;;
105;Tochter;die;Töchter;Substantiv;;Familie;A1;;;TRUE;;
106;Großvater;der;Großväter;Substantiv;;Familie;A1;;;TRUE;;
107;Opa;der;Opas;Substantiv;;Familie;A1;;;TRUE;;
108;Großmutter;die;Großmütter;Substantiv;;Familie;A1;;;TRUE;;
109;Oma;die;Omas;Substantiv;;Familie;A1;;;TRUE;;
110;Großeltern;;;Substantiv;(Pl);Familie;A1;;;TRUE;;
111;Enkelin;die;Enkelinnen;Substantiv;;Familie;A1;;;TRUE;;
112;Enkel;der;Enkel;Substantiv;;Familie;A1;;;TRUE;;
113;Bruder;der;Brüder;Substantiv;;Familie;A1;;;TRUE;;
114;Schwester;die;Schwestern;Substantiv;;Familie;A1;;;TRUE;;
115;Geschwister;;;Substantiv;(Pl);Familie;A1;;;TRUE;;
116;Mann;der;Männer;Substantiv;(Ehe);Familie;A1;;;TRUE;;
117;Frau;die;Frauen;Substantiv;(Ehe);Familie;A1;;;TRUE;;
118;Sprache;die;Sprachen;Substantiv;;Sprachen;A1;;;TRUE;;
119;sprechen;;;Verb;;Sprachen;A1;;;TRUE;;
120;Deutsch;;;Substantiv;;Sprachen;A1;;;TRUE;;
121;Welche;;;Fragewort;;Sprachen;A1;;;TRUE;;
122;Wie viele;;;Fragewort;;Sprachen;A1;;;TRUE;;
123;Freund;der;Freunde;Substantiv;;Weitere wichtige Wörter;A1;;;TRUE;;
124;Freundin;die;Freundinnen;Substantiv;;Weitere wichtige Wörter;A1;;;TRUE;;
125;Kollege;der;Kollegen;Substantiv;;Weitere wichtige Wörter;A1;;;TRUE;;
126;Kollegin;die;Kolleginnen;Substantiv;;Weitere wichtige Wörter;A1;;;TRUE;;
127;doch;;;Partikel;;Weitere wichtige Wörter;A1;;;TRUE;;
128;ein bisschen;;;Adverb;;Weitere wichtige Wörter;A1;;;TRUE;;
129;bitte;;;Interjektion;;Weitere wichtige Wörter;A1;;;TRUE;;
130;genau;;;Adverb;;Weitere wichtige Wörter;A1;;;TRUE;;
131;mein;;;Possessivartikel;;Weitere wichtige Wörter;A1;;;TRUE;;
132;dein;;;Possessivartikel;;Weitere wichtige Wörter;A1;;;TRUE;;
133;Möbel;;;Substantiv;(Pl);Möbel;A1;;;TRUE;;
134;Bett;das;Betten;Substantiv;;Möbel;A1;;;TRUE;;
135;Bild;das;Bilder;Substantiv;;Möbel;A1;;;TRUE;;
136;Lampe;die;Lampen;Substantiv;;Möbel;A1;;;TRUE;;
137;Schrank;der;Schränke;Substantiv;;Möbel;A1;;;TRUE;;
138;Sessel;der;Sessel;Substantiv;;Möbel;A1;;;TRUE;;
139;Sofa;das;Sofas;Substantiv;;Möbel;A1;;;TRUE;;
140;Couch;die;Couches;Substantiv;;Möbel;A1;;;TRUE;;
141;Stuhl;der;Stühle;Substantiv;;Möbel;A1;;;TRUE;;
142;Teppich;der;Teppiche;Substantiv;;Möbel;A1;;;TRUE;;
143;Tisch;der;Tische;Substantiv;;Möbel;A1;;;TRUE;;
144;groß;;;Adjektiv;;Etwas beschreiben;A1;;;TRUE;;
145;hässlich;;;Adjektiv;;Etwas beschreiben;A1;;;TRUE;;
146;klein;;;Adjektiv;;Etwas beschreiben;A1;;;TRUE;;
147;kurz;;;Adjektiv;;Etwas beschreiben;A1;;;TRUE;;
148;lang;;;Adjektiv;;Etwas beschreiben;A1;;;TRUE;;
149;leicht;;;Adjektiv;;Etwas beschreiben;A1;;;TRUE;;
150;modern;;;Adjektiv;;Etwas beschreiben;A1;;;TRUE;;
151;praktisch;;;Adjektiv;;Etwas beschreiben;A1;;;TRUE;;
152;schlecht;;;Adjektiv;;Etwas beschreiben;A1;;;TRUE;;
153;schön;;;Adjektiv;;Etwas beschreiben;A1;;;TRUE;;
154;schwer;;;Adjektiv;;Etwas beschreiben;A1;;;TRUE;;
155;sehr;;;Adverb;(groß, klein, …);Etwas beschreiben;A1;;;TRUE;;
156;zu;;;Adverb;(groß, klein, …);Etwas beschreiben;A1;;;TRUE;;
157;Euro;der;Euros;Substantiv;;Geld;A1;;;TRUE;;
158;Cent;der;Cents;Substantiv;;Geld;A1;;;TRUE;;
159;Preis;der;Preise;Substantiv;;Geld;A1;;;TRUE;;
160;Angebot;das;Angebote;Substantiv;;Geld;A1;;;TRUE;;
161;Sonderangebot;das;Sonderangebote;Substantiv;;Geld;A1;;;TRUE;;
162;kosten;;;Verb;;Geld;A1;;;TRUE;;
163;machen;;;Verb;;Geld;A1;;;TRUE;;
164;günstig;;;Adjektiv;;Geld;A1;;;TRUE;;
165;billig;;;Adjektiv;;Geld;A1;;;TRUE;;
166;teuer;;;Adjektiv;;Geld;A1;;;TRUE;;
167;Hilfe;die;Hilfen;Substantiv;;Weitere wichtige Wörter;A1;;;TRUE;;
168;Zimmer;das;Zimmer;Substantiv;;Weitere wichtige Wörter;A1;;;TRUE;;
169;brauchen;;;Verb;;Weitere wichtige Wörter;A1;;;TRUE;;
170;finden;;;Verb;;Weitere wichtige Wörter;A1;;;TRUE;;
171;sagen;;;Verb;;Weitere wichtige Wörter;A1;;;TRUE;;
172;nur;;;Adverb;;Weitere wichtige Wörter;A1;;;TRUE;;
173;wirklich;;;Adverb;;Weitere wichtige Wörter;A1;;;TRUE;;
174;Farbe;die;Farben;Substantiv;;Farben;A1;;;TRUE;;
175;blau;;;Adjektiv;;Farben;A1;;;TRUE;;
176;braun;;;Adjektiv;;Farben;A1;;;TRUE;;
177;gelb;;;Adjektiv;;Farben;A1;;;TRUE;;
178;grün;;;Adjektiv;;Farben;A1;;;TRUE;;
179;orange;;;Adjektiv;;Farben;A1;;;TRUE;;
180;rot;;;Adjektiv;;Farben;A1;;;TRUE;;
181;schwarz;;;Adjektiv;;Farben;A1;;;TRUE;;
182;weiß;;;Adjektiv;;Farben;A1;;;TRUE;;
183;Form;die;Formen;Substantiv;;Formen/Beschaffenheit;A1;;;TRUE;;
184;eckig;;;Adjektiv;;Formen/Beschaffenheit;A1;;;TRUE;;
185;neu;;;Adjektiv;;Formen/Beschaffenheit;A1;;;TRUE;;
186;leicht;;;Adjektiv;;Formen/Beschaffenheit;A1;;;TRUE;;
187;rund;;;Adjektiv;;Formen/Beschaffenheit;A1;;;TRUE;;
188;Material;das;Materialien;Substantiv;;Materialen;A1;;;TRUE;;
189;Glas;das;;Substantiv;;Materialen;A1;;;TRUE;;
190;Holz;das;;Substantiv;;Materialen;A1;;;TRUE;;
191;Metall;das;;Substantiv;;Materialen;A1;;;TRUE;;
192;Papier;das;;Substantiv;;Materialen;A1;;;TRUE;;
193;Plastik;das;;Substantiv;;Materialen;A1;;;TRUE;;
194;Kunststoff;der;;Substantiv;;Materialen;A1;;;TRUE;;
195;aus;;;Präposition;Glas/Holz/Metall;Materialen;A1;;;TRUE;;
196;Bleistift;der;Bleistifte;Substantiv;;Gegenstände;A1;;;TRUE;;
197;Brille;die;Brillen;Substantiv;;Gegenstände;A1;;;TRUE;;
198;Buch;das;Bücher;Substantiv;;Gegenstände;A1;;;TRUE;;
199;Feuerzeug;das;Feuerzeuge;Substantiv;;Gegenstände;A1;;;TRUE;;
200;Flasche;die;Flaschen;Substantiv;;Gegenstände;A1;;;TRUE;;
201;Fotoapparat;der;Fotoapparate;Substantiv;;Gegenstände;A1;;;TRUE;;
202;Geldbörse;die;Geldbörsen;Substantiv;;Gegenstände;A1;;;TRUE;;
203;Kette;die;Ketten;Substantiv;;Gegenstände;A1;;;TRUE;;
204;Kugelschreiber;der;Kugelschreiber;Substantiv;;Gegenstände;A1;;;TRUE;;
205;Regenschirm;der;Regenschirme;Substantiv;;Gegenstände;A1;;;TRUE;;
206;Ring;der;Ringe;Substantiv;;Gegenstände;A1;;;TRUE;;
207;Schlüssel;der;Schlüssel;Substantiv;;Gegenstände;A1;;;TRUE;;
208;Seife;die;Seifen;Substantiv;;Gegenstände;A1;;;TRUE;;
209;Streichholz;das;Streichhölzer;Substantiv;;Gegenstände;A1;;;TRUE;;
210;Tasche;die;Taschen;Substantiv;;Gegenstände;A1;;;TRUE;;
211;Uhr;die;Uhren;Substantiv;;Gegenstände;A1;;;TRUE;;
212;Adresse;die;Adressen;Substantiv;;Persönliche Angaben;A1;;;TRUE;;
213;E-Mail;die;E-Mails;Substantiv;;Persönliche Angaben;A1;;;TRUE;;
214;Fax;das;Faxe;Substantiv;;Persönliche Angaben;A1;;;TRUE;;
215;Geburtsdatum;das;Geburtsdaten;Substantiv;;Persönliche Angaben;A1;;;TRUE;;
216;Hausnummer;die;Hausnummern;Substantiv;;Persönliche Angaben;A1;;;TRUE;;
217;Nummer;die;Nummern;Substantiv;;Persönliche Angaben;A1;;;TRUE;;
218;Ort;der;Orte;Substantiv;;Persönliche Angaben;A1;;;TRUE;;
219;Postleitzahl;die;Postleitzahlen;Substantiv;PLZ;Persönliche Angaben;A1;;;TRUE;;
220;Straße;die;Straßen;Substantiv;;Persönliche Angaben;A1;;;TRUE;;
221;Telefon;das;Telefone;Substantiv;;Persönliche Angaben;A1;;;TRUE;;
222;Entschuldigung;die;Entschuldigungen;Substantiv;;Weitere wichtige Wörter;A1;;;TRUE;;
223;Menge;die;Mengen;Substantiv;;Weitere wichtige Wörter;A1;;;TRUE;;
224;Problem;das;Probleme;Substantiv;;Weitere wichtige Wörter;A1;;;TRUE;;
225;kein Problem;;;Ausdruck;;Weitere wichtige Wörter;A1;;;TRUE;;
226;Produkt;das;Produkte;Substantiv;;Weitere wichtige Wörter;A1;;;TRUE;;
227;Wort;das;Wörter;Substantiv;;Weitere wichtige Wörter;A1;;;TRUE;;
228;Wörterbuch;das;Wörterbücher;Substantiv;;Weitere wichtige Wörter;A1;;;TRUE;;
229;bieten;;;Verb;;Weitere wichtige Wörter;A1;;;TRUE;;
230;schreiben;;;Verb;;Weitere wichtige Wörter;A1;;;TRUE;;
231;jetzt;;;Adverb;;Weitere wichtige Wörter;A1;;;TRUE;;
232;man;;;Pronomen;;Weitere wichtige Wörter;A1;;;TRUE;;
233;jede/r;;;Pronomen;;Weitere wichtige Wörter;A1;;;TRUE;;
234;noch einmal;;;Adverb;;Weitere wichtige Wörter;A1;;;TRUE;;
235;so;;;Adverb;;Weitere wichtige Wörter;A1;;;TRUE;;
236;Arbeitsplatz;der;Arbeitsplätze;Substantiv;;Im Büro;A1;;;TRUE;;
237;Bildschirm;der;Bildschirme;Substantiv;;Im Büro;A1;;;TRUE;;
238;Briefmarke;die;Briefmarken;Substantiv;;Im Büro;A1;;;TRUE;;
239;Büro;das;Büros;Substantiv;;Im Büro;A1;;;TRUE;;
240;Chef;der;Chefs;Substantiv;;Im Büro;A1;;;TRUE;;
241;Computer;der;Computer;Substantiv;;Im Büro;A1;;;TRUE;;
242;Drucker;der;Drucker;Substantiv;;Im Büro;A1;;;TRUE;;
243;Firma;die;Firmen;Substantiv;;Im Büro;A1;;;TRUE;;
244;Formular;das;Formulare;Substantiv;;Im Büro;A1;;;TRUE;;
245;Handy;das;Handys;Substantiv;;Im Büro;A1;;;TRUE;;
246;Kalender;der;Kalender;Substantiv;;Im Büro;A1;;;TRUE;;
247;Laptop;der;Laptops;Substantiv;;Im Büro;A1;;;TRUE;;
248;Maus;die;Mäuse;Substantiv;;Im Büro;A1;;;TRUE;;
249;Notizbuch;das;Notizbücher;Substantiv;;Im Büro;A1;;;TRUE;;
250;Rechnung;die;Rechnungen;Substantiv;;Im Büro;A1;;;TRUE;;
251;SMS;die;SMS;Substantiv;;Im Büro;A1;;;TRUE;;
252;Stift;der;Stifte;Substantiv;;Im Büro;A1;;;TRUE;;
253;Termin;der;Termine;Substantiv;;Im Büro;A1;;;TRUE;;
254;Achtung;;;Ausdruck;;Weitere wichtige Wörter;A1;;;TRUE;;
255;Auf Wiederhören;;;Ausdruck;;Weitere wichtige Wörter;A1;;;TRUE;;
256;Foto;das;Fotos;Substantiv;;Weitere wichtige Wörter;A1;;;TRUE;;
257;Gruß;der;Grüße;Substantiv;;Weitere wichtige Wörter;A1;;;TRUE;;
258;schöne Grüße;;;Ausdruck;;Weitere wichtige Wörter;A1;;;TRUE;;
259;See;der;Seen;Substantiv;;Weitere wichtige Wörter;A1;;;TRUE;;
260;Stress;der;;Substantiv;;Weitere wichtige Wörter;A1;;;TRUE;;
261;Telefonnummer;die;Telefonnummern;Substantiv;;Weitere wichtige Wörter;A1;;;TRUE;;
262;Zeit;die;;Substantiv;;Weitere wichtige Wörter;A1;;;TRUE;;
263;keine Zeit;;;Ausdruck;;Weitere wichtige Wörter;A1;;;TRUE;;
264;gehen;;;Verb;;Weitere wichtige Wörter;A1;;;TRUE;;
265;suchen;;;Verb;;Weitere wichtige Wörter;A1;;;TRUE;;
266;heute;;;Adverb;;Weitere wichtige Wörter;A1;;;TRUE;;
267;hier;;;Adverb;;Weitere wichtige Wörter;A1;;;TRUE;;
268;hier ist;;;Ausdruck;;Weitere wichtige Wörter;A1;;;TRUE;;
269;mit;;;Präposition;;Weitere wichtige Wörter;A1;;;TRUE;;
270;oder;;;Konjunktion;;Weitere wichtige Wörter;A1;;;TRUE;;
271;wieder;;;Adverb;;Weitere wichtige Wörter;A1;;;TRUE;;
272;Ausflug;der;Ausflüge;Substantiv;;Freizeit und Hobbys;A1;;;TRUE;;
273;Film;der;Filme;Substantiv;;Freizeit und Hobbys;A1;;;TRUE;;
274;Freizeit;die;;Substantiv;;Freizeit und Hobbys;A1;;;TRUE;;
275;Hobby;das;Hobbys;Substantiv;;Freizeit und Hobbys;A1;;;TRUE;;
276;Kino;das;Kinos;Substantiv;;Freizeit und Hobbys;A1;;;TRUE;;
277;Lieblings-;;;Adjektiv;Lieblingsfilm;Freizeit und Hobbys;A1;;;TRUE;;
278;backen;;;Verb;;Freizeit und Hobbys;A1;;;TRUE;;
279;besuchen;;;Verb;;Freizeit und Hobbys;A1;;;TRUE;;
280;treffen;;du triffst, er trifft;Verb;;Freizeit und Hobbys;A1;;;TRUE;;
281;fotografieren;;;Verb;;Freizeit und Hobbys;A1;;;TRUE;;
282;kochen;;;Verb;;Freizeit und Hobbys;A1;;;TRUE;;
283;lesen;;du liest, er liest;Verb;;Freizeit und Hobbys;A1;;;TRUE;;
284;lieben;;;Verb;;Freizeit und Hobbys;A1;;;TRUE;;
285;malen;;;Verb;;Freizeit und Hobbys;A1;;;TRUE;;
286;Musik;die;;Substantiv;;Freizeit und Hobbys;A1;;;TRUE;;
287;Musik hören;;;Ausdruck;;Freizeit und Hobbys;A1;;;TRUE;;
288;Rad fahren;;du fährst Rad, er fährt Rad;Ausdruck;;Freizeit und Hobbys;A1;;;TRUE;;
289;schwimmen;;;Verb;;Freizeit und Hobbys;A1;;;TRUE;;
290;singen;;;Verb;;Freizeit und Hobbys;A1;;;TRUE;;
291;spazieren gehen;;;Ausdruck;;Freizeit und Hobbys;A1;;;TRUE;;
292;spielen;;;Verb;;Freizeit und Hobbys;A1;;;TRUE;;
293;Fußball/Tennis/Gitarre spielen;;;Ausdruck;;Freizeit und Hobbys;A1;;;TRUE;;
294;tanzen;;;Verb;;Freizeit und Hobbys;A1;;;TRUE;;
295;Wie oft?;;;Adverb;;Weitere wichtige Wörter;A1;;;TRUE;;
296;(fast) immer;;;Adverb;;Weitere wichtige Wörter;A1;;;TRUE;;
297;oft;;;Adverb;;Weitere wichtige Wörter;A1;;;TRUE;;
298;manchmal;;;Adverb;;Weitere wichtige Wörter;A1;;;TRUE;;
299;nie;;;Adverb;;Weitere wichtige Wörter;A1;;;TRUE;;
300;Herzlichen Dank;;;Ausdruck;;Weitere wichtige Wörter;A1;;;TRUE;;
301;Vielen Dank;;;Ausdruck;;Weitere wichtige Wörter;A1;;;TRUE;;
302;klar;;;Adverb;;Weitere wichtige Wörter;A1;;;TRUE;;
303;natürlich;;;Adverb;;Weitere wichtige Wörter;A1;;;TRUE;;
304;leider;;;Adverb;;Weitere wichtige Wörter;A1;;;TRUE;;
305;das geht leider nicht;;;Ausdruck;;Weitere wichtige Wörter;A1;;;TRUE;;
306;leidtun;;tut mir leid;Verb;;Weitere wichtige Wörter;A1;;;TRUE;;
307;Auto;das;Autos;Substantiv;;Weitere wichtige Wörter;A1;;;TRUE;;
308;Gespräch;das;Gespräche;Substantiv;;Weitere wichtige Wörter;A1;;;TRUE;;
309;Internet;das;;Substantiv;;Weitere wichtige Wörter;A1;;;TRUE;;
310;im Internet surfen;;;Ausdruck;;Weitere wichtige Wörter;A1;;;TRUE;;
311;Natur;die;;Substantiv;;Weitere wichtige Wörter;A1;;;TRUE;;
312;Spaß machen;;;Ausdruck;;Weitere wichtige Wörter;A1;;;TRUE;;
313;können;;;Verb;;Weitere wichtige Wörter;A1;;;TRUE;;
314;rauchen;;;Verb;;Weitere wichtige Wörter;A1;;;TRUE;;
315;sein;;;Verb;;Weitere wichtige Wörter;A1;;;TRUE;;
316;nicht so (gut);;;Adverb;;Weitere wichtige Wörter;A1;;;TRUE;;
317;Ausstellung;die;Ausstellungen;Substantiv;;In der Stadt;A1;;;TRUE;;
318;Bar;die;Bars;Substantiv;;In der Stadt;A1;;;TRUE;;
319;Café;das;Cafés;Substantiv;;In der Stadt;A1;;;TRUE;;
320;Disco;die;Discos;Substantiv;;In der Stadt;A1;;;TRUE;;
321;Kneipe;die;Kneipen;Substantiv;;In der Stadt;A1;;;TRUE;;
322;Konzert;das;Konzerte;Substantiv;;In der Stadt;A1;;;TRUE;;
323;Museum;das;Museen;Substantiv;;In der Stadt;A1;;;TRUE;;
324;Restaurant;das;Restaurants;Substantiv;;In der Stadt;A1;;;TRUE;;
325;Schwimmbad;das;Schwimmbäder;Substantiv;;In der Stadt;A1;;;TRUE;;
326;Theater;das;Theater;Substantiv;;In der Stadt;A1;;;TRUE;;
327;Uhr;die;Uhren;Substantiv;;Uhrzeiten;A1;;;TRUE;;
328;um ...;;;Präposition;um vier/halb sechs;Uhrzeiten;A1;;;TRUE;;
329;Es ist 5/10 vor/nach ...;;;Ausdruck;;Uhrzeiten;A1;;;TRUE;;
330;halb ...;;;Adjektiv;;Uhrzeiten;A1;;;TRUE;;
331;Viertel vor/nach ...;;;Ausdruck;;Uhrzeiten;A1;;;TRUE;;
332;bis vier! / bis dann!;;;Ausdruck;;Uhrzeiten;A1;;;TRUE;;
333;Morgen;der;Morgen;Substantiv;;Tageszeiten;A1;;;TRUE;;
334;Vormittag;der;Vormittage;Substantiv;;Tageszeiten;A1;;;TRUE;;
335;Mittag;der;Mittage;Substantiv;;Tageszeiten;A1;;;TRUE;;
336;Nachmittag;der;Nachmittage;Substantiv;;Tageszeiten;A1;;;TRUE;;
337;Abend;der;Abende;Substantiv;;Tageszeiten;A1;;;TRUE;;
338;Nacht;die;Nächte;Substantiv;;Tageszeiten;A1;;;TRUE;;
339;Liebe ... / Lieber ...;;;Ausdruck;;E-Mail/Brief;A1;;;TRUE;;
340;Liebe Grüße / Herzliche Grüße;;;Ausdruck;;E-Mail/Brief;A1;;;TRUE;;
341;Tag;der;Tage;Substantiv;;die Woche;A1;;;TRUE;;
342;Woche;die;Wochen;Substantiv;;die Woche;A1;;;TRUE;;
343;Montag;der;Montage;Substantiv;;die Woche;A1;;;TRUE;;
344;Dienstag;der;Dienstage;Substantiv;;die Woche;A1;;;TRUE;;
345;Mittwoch;der;Mittwoche;Substantiv;;die Woche;A1;;;TRUE;;
346;Donnerstag;der;Donnerstage;Substantiv;;die Woche;A1;;;TRUE;;
347;Freitag;der;Freitage;Substantiv;;die Woche;A1;;;TRUE;;
348;Samstag;der;Samstage;Substantiv;;die Woche;A1;;;TRUE;;
349;Sonntag;der;Sonntage;Substantiv;;die Woche;A1;;;TRUE;;
350;Essen;das;;Substantiv;;Weitere wichtige Wörter;A1;;;TRUE;;
351;Fernsehen;das;;Substantiv;;Weitere wichtige Wörter;A1;;;TRUE;;
352;Kaffee;der;;Substantiv;;Weitere wichtige Wörter;A1;;;TRUE;;
353;Radio;das;Radios;Substantiv;;Weitere wichtige Wörter;A1;;;TRUE;;
354;sehen;;;Verb;;Weitere wichtige Wörter;A1;;;TRUE;;
355;wissen;;;Verb;;Weitere wichtige Wörter;A1;;;TRUE;;
356;bald;;;Adverb;;Weitere wichtige Wörter;A1;;;TRUE;;
357;besonders;;;Adverb;;Weitere wichtige Wörter;A1;;;TRUE;;
358;höflich;;;Adjektiv;;Weitere wichtige Wörter;A1;;;TRUE;;
359;unhöflich;;;Adjektiv;;Weitere wichtige Wörter;A1;;;TRUE;;
360;morgen;;;Adverb;;Weitere wichtige Wörter;A1;;;TRUE;;
361;noch;;;Adverb;;Weitere wichtige Wörter;A1;;;TRUE;;
362;noch nicht;;;Adverb;;Weitere wichtige Wörter;A1;;;TRUE;;
363;spät;;;Adjektiv;;Weitere wichtige Wörter;A1;;;TRUE;;
364;vielleicht;;;Adverb;;Weitere wichtige Wörter;A1;;;TRUE;;
365;Warum (nicht)?;;;Ausdruck;;Weitere wichtige Wörter;A1;;;TRUE;;
366;Keine Lust.;;;Ausdruck;;Weitere wichtige Wörter;A1;;;TRUE;;
367;Lust auf ...?;;;Ausdruck;;Weitere wichtige Wörter;A1;;;TRUE;;
368;Gute Idee!;;;Ausdruck;;Weitere wichtige Wörter;A1;;;TRUE;;
369;Idee;die;Ideen;Substantiv;;Weitere wichtige Wörter;A1;;;TRUE;;
370;Apfel;der;Äpfel;Substantiv;;Lebensmittel;A1;;;TRUE;;
371;Braten;der;Braten;Substantiv;;Lebensmittel;A1;;;TRUE;;
372;Brötchen;das;Brötchen;Substantiv;A: Semmel die, CH: Brötli das;Lebensmittel;A1;;;TRUE;;
373;Brot;das;Brote;Substantiv;;Lebensmittel;A1;;;TRUE;;
374;Butter;die;;Substantiv;;Lebensmittel;A1;;;TRUE;;
375;Ei;das;Eier;Substantiv;;Lebensmittel;A1;;;TRUE;;
376;Eis;das;;Substantiv;;Lebensmittel;A1;;;TRUE;;
377;Fisch;der;Fische;Substantiv;;Lebensmittel;A1;;;TRUE;;
378;Fleisch;das;;Substantiv;;Lebensmittel;A1;;;TRUE;;
379;Käse;der;;Substantiv;;Lebensmittel;A1;;;TRUE;;
380;Kartoffel;die;Kartoffeln;Substantiv;A: Erdapfel der;Lebensmittel;A1;;;TRUE;;
381;Kuchen;der;Kuchen;Substantiv;das Stück Kuchen;Lebensmittel;A1;;;TRUE;;
382;Milch;die;;Substantiv;;Lebensmittel;A1;;;TRUE;;
383;Obst;das;;Substantiv;;Lebensmittel;A1;;;TRUE;;
384;Orange;die;Orangen;Substantiv;;Lebensmittel;A1;;;TRUE;;
385;Reis;der;;Substantiv;;Lebensmittel;A1;;;TRUE;;
386;Sahne;die;;Substantiv;A: Schlagobers der, CH: Rahm der;Lebensmittel;A1;;;TRUE;;
387;Salat;der;Salate;Substantiv;;Lebensmittel;A1;;;TRUE;;
388;Schinken;der;;Substantiv;;Lebensmittel;A1;;;TRUE;;
389;Schokolade;die;Schokoladen;Substantiv;;Lebensmittel;A1;;;TRUE;;
390;Suppe;die;Suppen;Substantiv;;Lebensmittel;A1;;;TRUE;;
391;Tee;der;Tees;Substantiv;;Lebensmittel;A1;;;TRUE;;
392;Tomate;die;Tomaten;Substantiv;A: Paradeiser der;Lebensmittel;A1;;;TRUE;;
393;Wurst;die;Würste;Substantiv;;Lebensmittel;A1;;;TRUE;;
394;Zitrone;die;Zitronen;Substantiv;;Lebensmittel;A1;;;TRUE;;
395;Zwiebel;die;Zwiebeln;Substantiv;;Lebensmittel;A1;;;TRUE;;
396;Durst;der;;Substantiv;;Rund ums Essen;A1;;;TRUE;;
397;Durst haben;;;Ausdruck;;Rund ums Essen;A1;;;TRUE;;
398;Frühstück;das;Frühstücke;Substantiv;CH: Morgenessen das;Rund ums Essen;A1;;;TRUE;;
399;Hunger;der;;Substantiv;;Rund ums Essen;A1;;;TRUE;;
400;Hunger haben;;;Ausdruck;;Rund ums Essen;A1;;;TRUE;;
401;Kühlschrank;der;Kühlschränke;Substantiv;A: Eiskasten der;Rund ums Essen;A1;;;TRUE;;
402;essen;;du isst, er isst;Verb;;Rund ums Essen;A1;;;TRUE;;
403;frühstücken;;;Verb;;Rund ums Essen;A1;;;TRUE;;
404;mögen;;du magst, er mag;Verb;;Rund ums Essen;A1;;;TRUE;;
405;schmecken;;;Verb;CH: fein sein;Rund ums Essen;A1;;;TRUE;;
406;trinken;;;Verb;;Rund ums Essen;A1;;;TRUE;;
407;Guten Appetit;;;Ausdruck;;Rund ums Essen;A1;;;TRUE;;
408;Gleichfalls! / Ebenfalls!;;;Ausdruck;;Rund ums Essen;A1;;;TRUE;;
409;Einladung;die;Einladungen;Substantiv;;Weitere wichtige Wörter;A1;;;TRUE;;
410;Speisekarte;die;Speisekarten;Substantiv;;Weitere wichtige Wörter;A1;;;TRUE;;
411;Wochenende;das;Wochenenden;Substantiv;;Weitere wichtige Wörter;A1;;;TRUE;;
412;möchten;;;Verb;;Weitere wichtige Wörter;A1;;;TRUE;;
413;kennen;;;Verb;;Weitere wichtige Wörter;A1;;;TRUE;;
414;etwas;;;Pronomen/Adverb;;Weitere wichtige Wörter;A1;;;TRUE;;
415;erst;;;Adverb;;Weitere wichtige Wörter;A1;;;TRUE;;
416;schon;;;Adverb;;Weitere wichtige Wörter;A1;;;TRUE;;
417;ja, gern / ja, bitte;;;Ausdruck;;Weitere wichtige Wörter;A1;;;TRUE;;
418;nein, danke;;;Ausdruck;;Weitere wichtige Wörter;A1;;;TRUE;;
419;Bahnhof;der;Bahnhöfe;Substantiv;;Verkehr und Reisen;A1;;;TRUE;;
420;Bahnsteig;der;Bahnsteige;Substantiv;CH: das Perron;Verkehr und Reisen;A1;;;TRUE;;
421;Bus;der;Busse;Substantiv;;Verkehr und Reisen;A1;;;TRUE;;
422;Halt;der;Halte/Halts;Substantiv;;Verkehr und Reisen;A1;;;TRUE;;
423;Haltestelle;die;Haltestellen;Substantiv;;Verkehr und Reisen;A1;;;TRUE;;
424;Flughafen;der;Flughäfen;Substantiv;;Verkehr und Reisen;A1;;;TRUE;;
425;Flugzeug;das;Flugzeuge;Substantiv;;Verkehr und Reisen;A1;;;TRUE;;
426;Gepäck;das;;Substantiv;;Verkehr und Reisen;A1;;;TRUE;;
427;Gleis;das;Gleise;Substantiv;;Verkehr und Reisen;A1;;;TRUE;;
428;Koffer;der;Koffer;Substantiv;;Verkehr und Reisen;A1;;;TRUE;;
429;S-Bahn;die;S-Bahnen;Substantiv;;Verkehr und Reisen;A1;;;TRUE;;
430;Straßenbahn;die;Straßenbahnen;Substantiv;auch: Tram die;Verkehr und Reisen;A1;;;TRUE;;
431;Taxi;das;Taxis;Substantiv;;Verkehr und Reisen;A1;;;TRUE;;
432;U-Bahn;die;U-Bahnen;Substantiv;;Verkehr und Reisen;A1;;;TRUE;;
433;Verkehrsmittel;das;Verkehrsmittel;Substantiv;;Verkehr und Reisen;A1;;;TRUE;;
434;Zug;der;Züge;Substantiv;;Verkehr und Reisen;A1;;;TRUE;;
435;abfahren;;du fährst ab, er fährt ab;Verb;;Verkehr und Reisen;A1;;;TRUE;;
436;abholen;;;Verb;;Verkehr und Reisen;A1;;;TRUE;;
437;ankommen;;;Verb;;Verkehr und Reisen;A1;;;TRUE;;
438;aussteigen;;;Verb;;Verkehr und Reisen;A1;;;TRUE;;
439;einsteigen;;;Verb;;Verkehr und Reisen;A1;;;TRUE;;
440;umsteigen;;;Verb;;Verkehr und Reisen;A1;;;TRUE;;
441;Minute;die;Minuten;Substantiv;;Weitere wichtige Wörter;A1;;;TRUE;;
442;Vorsicht;die;;Substantiv;;Weitere wichtige Wörter;A1;;;TRUE;;
443;zu Hause;;;Adverb;;Weitere wichtige Wörter;A1;;;TRUE;;
444;Entschuldigen Sie.;;;Ausdruck;;Weitere wichtige Wörter;A1;;;TRUE;;
445;anrufen;;;Verb;;Weitere wichtige Wörter;A1;;;TRUE;;
446;bekommen;;;Verb;;Weitere wichtige Wörter;A1;;;TRUE;;
447;einkaufen;;;Verb;;Weitere wichtige Wörter;A1;;;TRUE;;
448;fernsehen;;du siehst fern, er sieht fern;Verb;;Weitere wichtige Wörter;A1;;;TRUE;;
449;mitbringen;;;Verb;;Weitere wichtige Wörter;A1;;;TRUE;;
450;nehmen;;du nimmst, er nimmt;Verb;;Weitere wichtige Wörter;A1;;;TRUE;;
451;also;;;Konjunktion;;Weitere wichtige Wörter;A1;;;TRUE;;
452;also dann;;;Ausdruck;;Weitere wichtige Wörter;A1;;;TRUE;;
453;gerade;;;Adverb;;Weitere wichtige Wörter;A1;;;TRUE;;
454;nächste;;;Adjektiv;;Weitere wichtige Wörter;A1;;;TRUE;;
455;viel;;;Adjektiv/Adverb;;Weitere wichtige Wörter;A1;;;TRUE;;
456;auf;;;Präposition;auf Gleis 10;Weitere wichtige Wörter;A1;;;TRUE;;
457;bis;;;Präposition;Bis bald!;Weitere wichtige Wörter;A1;;;TRUE;;
458;bis bald!;;;Ausdruck;;Weitere wichtige Wörter;A1;;;TRUE;;
459;Arbeit;die;Arbeiten;Substantiv;;Mein Tag;A1;;;TRUE;;
460;Hausaufgabe (machen);die;Hausaufgaben;Ausdruck;;Mein Tag;A1;;;TRUE;;
461;Pause (machen);die;Pausen;Ausdruck;;Mein Tag;A1;;;TRUE;;
462;Zeitung;die;Zeitungen;Substantiv;;Mein Tag;A1;;;TRUE;;
463;aufräumen;;hat aufgeräumt;Verb;;Mein Tag;A1;;;TRUE;;
464;einladen;;du lädst ein, er lädt ein, hat eingeladen;Verb;;Mein Tag;A1;;;TRUE;;
465;kaufen;;hat gekauft;Verb;;Mein Tag;A1;;;TRUE;;
466;lachen;;hat gelacht;Verb;;Mein Tag;A1;;;TRUE;;
467;lernen;;hat gelernt;Verb;;Mein Tag;A1;;;TRUE;;
468;reden;;hat geredet;Verb;;Mein Tag;A1;;;TRUE;;
469;schlafen;;du schläfst, er schläft;Verb;;Mein Tag;A1;;;TRUE;;
470;Geschenk;das;Geschenke;Substantiv;;Weitere wichtige Wörter;A1;;;TRUE;;
471;Baby;das;Babys;Substantiv;;Weitere wichtige Wörter;A1;;;TRUE;;
472;Dienstreise/Privatreise;die;Dienstreisen/Privatreisen;Substantiv;;Weitere wichtige Wörter;A1;;;TRUE;;
473;Fahrrad;das;Fahrräder;Substantiv;CH: Velo, das;Weitere wichtige Wörter;A1;;;TRUE;;
474;Monat;der;Monate;Substantiv;;Weitere wichtige Wörter;A1;;;TRUE;;
475;Paar;das;Paare;Substantiv;;Weitere wichtige Wörter;A1;;;TRUE;;
476;Party;die;Partys;Substantiv;;Weitere wichtige Wörter;A1;;;TRUE;;
477;Reise;die;Reisen;Substantiv;;Weitere wichtige Wörter;A1;;;TRUE;;
478;Sport;der;;Substantiv;;Weitere wichtige Wörter;A1;;;TRUE;;
479;Wein;der;Weine;Substantiv;;Weitere wichtige Wörter;A1;;;TRUE;;
480;denken;;hat gedacht;Verb;;Weitere wichtige Wörter;A1;;;TRUE;;
481;meinen;;hat gemeint;Verb;;Weitere wichtige Wörter;A1;;;TRUE;;
482;fertig (sein);;;Ausdruck;;Weitere wichtige Wörter;A1;;;TRUE;;
483;interessant;;;Adjektiv;;Weitere wichtige Wörter;A1;;;TRUE;;
484;lange;;;Adverb;;Weitere wichtige Wörter;A1;;;TRUE;;
485;langweilig;;;Adjektiv;;Weitere wichtige Wörter;A1;;;TRUE;;
486;letzt-;;;Adjektiv;letzten Freitag / letztes Jahr / letzte Woche;Weitere wichtige Wörter;A1;;;TRUE;;
487;schwanger;;;Adjektiv;;Weitere wichtige Wörter;A1;;;TRUE;;
488;nur;;;Adverb;;Weitere wichtige Wörter;A1;;;TRUE;;
489;... mal;;;Adverb;zweimal / dreimal / viermal;Weitere wichtige Wörter;A1;;;TRUE;;
490;Wirklich?;;;Ausdruck;;Weitere wichtige Wörter;A1;;;TRUE;;
491;täglich;;;Adverb;;Weitere wichtige Wörter;A1;;;TRUE;;
492;ab;;;Präposition;;Weitere wichtige Wörter;A1;;;TRUE;;
493;von ... bis;;;Präposition;;Weitere wichtige Wörter;A1;;;TRUE;;
494;Frühling;der;Frühlinge;Substantiv;;Jahreszeiten;A1;;;TRUE;;
495;Sommer;der;Sommer;Substantiv;;Jahreszeiten;A1;;;TRUE;;
496;Herbst;der;Herbste;Substantiv;;Jahreszeiten;A1;;;TRUE;;
497;Winter;der;Winter;Substantiv;;Jahreszeiten;A1;;;TRUE;;
498;im Winter/Frühling...;;;Ausdruck;;Jahreszeiten;A1;;;TRUE;;
499;Januar;der;Januare;Substantiv;;Monate;A1;;;TRUE;;
500;Februar;der;Februare;Substantiv;;Monate;A1;;;TRUE;;
501;März;der;Märze;Substantiv;;Monate;A1;;;TRUE;;
502;April;der;Aprile;Substantiv;;Monate;A1;;;TRUE;;
503;Mai;der;Maie;Substantiv;;Monate;A1;;;TRUE;;
504;Juni;der;Junis;Substantiv;;Monate;A1;;;TRUE;;
505;Juli;der;Julis;Substantiv;;Monate;A1;;;TRUE;;
506;August;der;Auguste;Substantiv;;Monate;A1;;;TRUE;;
507;September;der;September;Substantiv;;Monate;A1;;;TRUE;;
508;Oktober;der;Oktober;Substantiv;;Monate;A1;;;TRUE;;
509;November;der;November;Substantiv;;Monate;A1;;;TRUE;;
510;Dezember;der;Dezember;Substantiv;;Monate;A1;;;TRUE;;
511;im Januar/Februar...;;;Ausdruck;;Monate;A1;;;TRUE;;
512;Fest;das;Feste;Substantiv;;Feste und Feiern;A1;;;TRUE;;
513;Hochzeit;die;Hochzeiten;Substantiv;;Feste und Feiern;A1;;;TRUE;;
514;Karneval;der;;Substantiv;(Fasching, Fasnacht);Feste und Feiern;A1;;;TRUE;;
515;Neujahr;das;Neujahr;Substantiv;;Feste und Feiern;A1;;;TRUE;;
516;Silvester;das;;Substantiv;;Feste und Feiern;A1;;;TRUE;;
517;anfangen;;du fängst an, er fängt an, hat angefangen;Verb;;Feste und Feiern;A1;;;TRUE;;
518;aufhören;;hat aufgehört;Verb;;Feste und Feiern;A1;;;TRUE;;
519;feiern;;hat gefeiert;Verb;;Feste und Feiern;A1;;;TRUE;;
520;dauern;;hat gedauert;Verb;;Feste und Feiern;A1;;;TRUE;;
521;gefallen;;du gefällst, er gefällt, hat gefallen;Verb;;Feste und Feiern;A1;;;TRUE;;
522;seit;;;Präposition;;Weitere wichtige Wörter;A1;;;TRUE;;
523;Bier;das;Biere;Substantiv;Weißbier;Weitere wichtige Wörter;A1;;;TRUE;;
524;Lied;das;Lieder;Substantiv;;Weitere wichtige Wörter;A1;;;TRUE;;
525;Leute;die;;Substantiv;(Pl);Weitere wichtige Wörter;A1;;;TRUE;;
526;Person;die;Personen;Substantiv;;Weitere wichtige Wörter;A1;;;TRUE;;
527;geben;;es gibt, hat gegeben;Verb;;Weitere wichtige Wörter;A1;;;TRUE;;
528;fliegen;;ist geflogen;Verb;;Weitere wichtige Wörter;A1;;;TRUE;;
529;springen;;ist gesprungen;Verb;;Weitere wichtige Wörter;A1;;;TRUE;;
530;studieren;;hat studiert;Verb;;Weitere wichtige Wörter;A1;;;TRUE;;
531;gestern;;;Adverb;;Weitere wichtige Wörter;A1;;;TRUE;;
534;Früchte;;;Substantiv;(Pl);Lebensmittel;A1;;;FALSE;;
